{"cameraMode":{"drawMode":0,"name":"Shaded","section":"Shading Mode"},"sceneLighting":true,"audioPlay":false,"sceneViewState":{"showFog":true,"showMaterialUpdate":false,"showSkybox":true,"showFlares":true,"showImageEffects":true,"showParticleSystems":true,"showVisualEffectGraphs":true,"m_FxEnabled":true},"in2DMode":false,"pivot":{"x":17.168750762939454,"y":7.594624996185303,"z":-1.2378127574920655},"rotation":{"x":0.014688150957226754,"y":0.01409659069031477,"z":0.00020763986685778946,"w":-0.9997935891151428},"size":7.242117881774902,"orthographic":false}